source_id,evidence_tier,source,year,document_id,data_type,scope,locator,supports,url,direct_pdf,notes
S01,标准原文（本地扫描件）,GJB 2874-97《电传操纵系统飞机的飞行品质》,1997,GJB 2874-97,飞行品质标准,飞机分类、飞行阶段、LOES 模型、T_R、螺旋、荷兰滚和时延背景,附录A表A18、A19、A35；本包 evidence/ 内有关键页,品质边界和符号定义；不提供真实机队联合概率分布,https://std.nscmi.com/pages/StdDataMore.aspx?id=b22a1b8b412089a84e5a0a3118213b01,../../reference/GJB_2874-1997_电传操纵系统飞机的飞行品质.pdf,标准边界不能直接当作采样分布。
S02,官方军标指南元数据/指南表,"MIL-HDBK-1797, Flying Qualities of Piloted Aircraft",1997,MIL-HDBK-1797,DoD 指南,等效滚转时延、操纵力、滚转灵敏度、模态品质边界,"Tables XXV, XXVII, XXXVI, XXXVII, XL",与GJB边界交叉核对；给出时延和操纵力指南,https://quicksearch.dla.mil/qsDocDetails.aspx?ident_number=208700,,指南值是品质要求，不是机队分布。
S03,官方军标元数据,"MIL-STD-1797B, Flying Qualities of Piloted Aircraft",2006,MIL-STD-1797B,DoD 标准,当前版本状态与标准适用背景,DLA ASSIST document details,确认标准版本；本包数表主要转录自可核对的GJB扫描件和手册,https://quicksearch.dla.mil/qsDocDetails.aspx?ident_number=70037,,不要把不同版次的表号混用。
S04,P1：有人在环变稳飞机飞行试验,Interaction of Feel System and Flight Control System Dynamics on Lateral Flying Qualities,1990,NASA CR-179445,NT-33A 在飞实验/LATHOS,力指令滚转灵敏度、T_R、力感系统频率、延迟与飞行品质交互,"PDF pp. 27-32, 42-49, 154-180","K_p/F=5,10,18,25 deg/s/lbf；T_R约0.15-0.45 s；力感频率8/13/26 rad/s",https://ntrs.nasa.gov/citations/19910005040,https://ntrs.nasa.gov/api/citations/19910005040/downloads/19910005040.pdf,L_Fa上界约120 deg/s^2/lbf来自试验矩阵图读数，记为近似值。
S05,P1：飞行试验综述,Effect of Time Delay on Flying Qualities: An Update,1986,NASA TM-88264,飞行试验/在飞模拟综述,等效时延与响应形状、T_R、力感系统动态的交互,PDF pp. 3-8,时延不可脱离T_R和响应灵敏度独立判定；试验覆盖约0.05 s及更高时延,https://ntrs.nasa.gov/citations/19860018620,https://ntrs.nasa.gov/api/citations/19860018620/downloads/19860018620.pdf,文中的等效时延不总等于纯运输延迟。
S06,P1：实机飞行试验辨识,Identification of Low Order Equivalent System Models From Flight Test Data,2000,NASA/TM-2000-210117,F-18 HARV LOES辨识,高迎角横航向LOES模态和输入时延,"Table 10, PDF p. 62","T_s=11.5 s, T_R=1.80 s, omega_d=1.71 rad/s, zeta_d=0.72, lateral delay=0.0125 s",https://ntrs.nasa.gov/citations/20000085030,https://ntrs.nasa.gov/api/citations/20000085030/downloads/20000085030.pdf,45 deg迎角的特殊飞行状态，不代表普通巡航。
S07,P2：地面/在飞模拟构型数据,Ground-based and in-flight simulator studies of low-speed handling characteristics of two supersonic cruise transport concepts,1978,NASA TP-1240,运输机概念模拟与构型参数表,T_R、螺旋、荷兰滚、分子零点比值及增稳构型变化,"Table V, PDF pp. 48-49",8个构型的完整参数；R_omega满意0.80-1.15、可接受0.65-1.35,https://ntrs.nasa.gov/citations/19780019168,https://ntrs.nasa.gov/api/citations/19780019168/downloads/19780019168.pdf,是概念机模拟构型，不是8架量产实机。
S08,P2：系统化有人在环模拟,Recent Research Directed Toward the Prediction of Lateral-Directional Handling Qualities,1966,AGARD Report 531,固定基模拟参数扫描,omega_phi/omega_d、阻尼关系和驾驶员评分,Report 531 figures and parameter survey,约1500个评分；广域R_omega压力扫描；最优区通常在R_omega约1附近,https://ntrs.nasa.gov/citations/19670013913,https://ntrs.nasa.gov/api/citations/19670013913/downloads/19670013913.pdf,用于压力设计，不代表真实飞机概率。
S09,P1：实机飞行试验辨识,Frequency-Response Identification of XV-15 Tilt-Rotor Aircraft Dynamics,1987,NASA TM-89428,XV-15巡航/飞机模式频域辨识,p/aileron的完整零极点和时延,"PDF p. 133, transfer function","T_s=15.87 s, T_R=0.917 s, zeta_d=0.248, omega_d=1.58, zeta_phi=0.313, omega_phi=1.89, tau=0.045 s",https://ntrs.nasa.gov/citations/19870013257,https://ntrs.nasa.gov/api/citations/19870013257/downloads/19870013257.pdf,输入是副翼偏角，不是杆力；不可把-4.49直接当L_Fa。
S10,P1：实机飞行试验,Flight Test Data for a Cessna Cardinal,1974,NASA CR-2337,Cessna 177B飞行试验,轻型通航飞机荷兰滚和滚转响应,"Dutch Roll Characteristics, PDF p. 29","80 mph: omega_d约1.60, zeta_d>0.5；120 mph: omega_d约2.1, zeta_d>0.4",https://ntrs.nasa.gov/citations/19740006639,https://ntrs.nasa.gov/api/citations/19740006639/downloads/19740006639.pdf,高阻尼导致阻尼比难以精确辨识，原文给下界。
S11,P2：UAS模型/缩比分析,Defining Handling Qualities of Unmanned Aerial Systems: Phase II Final Report,2020,NASA/CR-2020-220564,UltraStick与Cessna模型分析,小型固定翼UAS的T_R、螺旋和荷兰滚,"Tables 78, 79, 81, 82; PDF pp. 270, 273-274",T_R=0.063-0.232 s；omega_d可到5.59/7.85 rad/s；Cessna 172对照,https://ntrs.nasa.gov/citations/20200002019,https://ntrs.nasa.gov/api/citations/20200002019/downloads/20200002019.pdf,UAS通常没有F_as物理杆力；只可用于模态范围，不可直接用于L_Fa。
S12,P1：实机飞行试验,Flight Test Results for the F-16XL With a Digital Flight Control System,2004,NASA/TP-2004-212046,F-16XL飞行试验,T_R、有效时延、最大滚转率和飞行状态依赖,"Roll Performance, PDF pp. 15-19",T_R=0.21-0.61 s；有效时延约0.15 s；全杆滚转数据,https://ntrs.nasa.gov/citations/20040040334,https://ntrs.nasa.gov/api/citations/20040040334/downloads/20040040334.pdf,有效时延由时域切线法得到，不等同于单一硬件运输延迟。
S13,P2：高迎角战斗机构型模拟,Simulator Study of Stall/Post-Stall Characteristics of a Fighter Airplane With Relaxed Longitudinal Static Stability,1979,NASA TP-1538,F-16基础构型模拟,力感侧杆的滚转率指令上限与高迎角限幅,"PDF pp. 25-26, 40, Figure 64",正常最大可指令滚转率308 deg/s；高迎角可降至约90/165 deg/s,https://ntrs.nasa.gov/citations/19800005879,https://ntrs.nasa.gov/api/citations/19800005879/downloads/19800005879.pdf,用于p_c上限的战斗机例证，不是跨机型通用命令范围。
S14,P1：实机飞行试验/控制律说明,Biomechanically Induced and Controller Coupled Oscillations Experienced on the F-16XL Aircraft During Rolling Maneuvers,1996,NASA TM-4752,F-16XL滚转飞行试验,侧杆力到滚转率指令映射、breakout和滚转棘振,Control system description,最大滚转率指令300 deg/s；约9 lbf后达到最大，breakout约1 lbf,https://ntrs.nasa.gov/citations/19960047507,https://ntrs.nasa.gov/api/citations/19960047507/downloads/19960047507.pdf,控制律命令梯度不是开环p/F_as稳态增益。
S15,项目内部审计,虚拟飞机参数来源与含义审计,2026,pingmo internal audit,现有合成机队审计,当前网格、符号、派生量和标准映射,../../docs/虚拟飞机参数来源审计.md,说明当前L是归一化量而非物理L_Fa；给出当前锚点和T_s符号约定,,,不是外部物理证据，仅用于迁移建议。
